ID;skos:notation;skos:topConcept;skos:inScheme;skos:narrower;skos:broader;skos:prefLabel;skos:altLabel;skos:scopeNote;skos:note;skos:editorialNote
01;a;topConcept;;;;B√ºcher zur Ausleihe;;;Die mit ¬´ a ¬ª bezeichneten B√ºcher k√∂nnen bei der Aufsicht f√ºr 3 Wochen ausgeliehen werden. Wir ben√∂tigen den Nachweis, dass Sie am IDSL I oder IDSL II studieren, sowie den Personalausweis bzw. Reisepass + Meldebescheinigung. Es wird eine Stammkarte ausgef√ºllt, die f√ºr ein Semester gilt. F√ºr jedes einzelne Buch muss ein Leihschein ausgef√ºllt und unterschrieben werden. (F√ºr mittelhochdeutsche und althochdeutsche W√∂rterb√ºcher und Grammatiken gibt es eine Semesterausleihe.) Eine Verl√§ngerung ist nur zweimal m√∂glich. Wer die B√ºcher nicht rechtzeitig zur√ºckgibt, wird ein Semester lang f√ºr die Ausleihe gesperrt.;
02;A;topConcept;;;;Anthologien;;;;
03;AK;topConcept;;AK1, AK2, AK3, AK4, AK5, AK6;;Germanistische Altertumskunde;;;;
04;AK1;;ja;;AK;Allgemeine germanische Altertumskunde;;;;
05;AK2;;ja;;AK;Vor-, Ur- und Fr√ºhgeschichte germanischer V√∂lker und Landschaften;;;;
06;AK3;;ja;;AK;Runenkunde;;;;
07;AK4;;ja;;AK;Kulturgeschichte (Germanistische Altertumskunde);Kulturgeschichte;;;Disambiguierung des prefLabel durch Angabe der 1. Hierarchieebene
08;AK5;;ja;;AK;Religionswissenschaft (Germanistische Altertumskunde);Religionswissenschaft;;;Disambiguierung des prefLabel durch Angabe der 1. Hierarchieebene
09;AK6;;ja;;AK;Rechtsgeschichte;;;;
10;AT;topConcept;;AT1, AT2, AT3, AT3.1, AT4;;√Ñltere Texte (√Ñltere deutsche Literatur ) : Literatur bis 1500;;;;
11;AT1;;ja;;AT;Serien (√Ñltere Texte);Serien;;;Disambiguierung des prefLabel durch Angabe der 1. Hierarchieebene
12;AT2;;ja;;AT;Einzeltexte;;;;
13;AT3;;ja;;AT;Literaturgeschichte Mittelalter (Antike bis Sp√§tmittelalter) bis Erscheinungsjahr 1999;;;;
14;AT3.1;;ja;;AT;Literaturgeschichte Mittelalter (Antike bis Sp√§tmittelalter) ab Erscheinungsjahr 2000;;;;
15;AT4;;ja;;AT;Drama des Mittelalters;;;;
16;D;topConcept;;;;Dissertationen (alte Dissertationen und d√ºnne Schriften);;;;
17;Du;topConcept;;;;Deutschunterricht;;Theorie und Praxis des Deutschunterrichts (Schule und Hochschule) // Lese- und Sprachb√ºcher // Richtlinien, Lehrpl√§ne, Studienordnungen und verbindliche Curricula;;
18;E;topConcept;;;;Nachschlagewerke;;Allgemeine Lexika // Lexika zu einzelnen Fachgebieten // Handb√ºcher, Biographische Nachschlagewerke // Bibliographien // Handschriftenverzeichnisse // Verzeichnisse wissenschaftlicher Institutionen und Gesellschaften // Nachschlagewerke zur Weltliteratur // Deutsche Dichterlexika // Studienf√ºhrer;;
19;FT;topConcept;;;;Fremdsprachige Texte / Texte fremdsprachiger Autor*innen;;Unter diese Kategorie f√§llt ausl√§ndische Literatur. Auch Autor*innen der Migrant*innenliteratur sind hier nach ihren Geburtsl√§ndern versammelt.;;
20;GT;topConcept;;GT1, GT2;;Graphische Texte;;Graphic Novels / √ºberwiegend deutschsprachiger Autor*innen, Sammelb√§nde, Anthologien;;Laut Bibliothekarin im IDSL1 beschreibt GT als Oberbegriff die Inhalte der Signaturengruppe.
21;GT1;;ja;;GT;Werke von Autor*innen bis Geburtsjahr 1979;;;;
22;GT2;;ja;;GT;Werke von Autor*innen ab Geburtsjahr 1980;;;;
23;H;topConcept;;Ha, Hb, Hc, Hd, He, Hf, Hg, Hh, Hi, Hk, Hm, Hn, Ho, Hp, Hr, Hs;;"""Hilfswissenschaften"" = Nachbardisziplinen";;;;
24;Ha;;ja;;H;Geschichte;;;;
25;Hb;;ja;;H;Kulturgeschichte;;;;
26;Hc;;ja;;H;Psychologie;;;;
27;Hd;;ja;;H;P√§dagogik;;;;
28;He;;ja;;H;Soziologie;;;;
29;Hf;;ja;;H;Philosophie;;;;
30;Hg;;ja;;H;Religionswissenschaft;;;;
31;Hh;;ja;;H;Kunstgeschichte;;;;
32;Hi;;ja;;H;Musik;;;;
33;Hk;;ja;;H;Theater, Tanz und Film;;;;
34;Hm;;ja;;H;Buchwesen, Medien, Presse, Kommunikation;;;;
35;Hn;;ja;;H;Universit√§ten;;;;
36;Ho;;ja;;H;Judaica, J√ºdische Geschichte, Antisemitismus;;;;
37;Hp;;ja;;H;Gender;;;;
38;Hr;;ja;;H;Naturwissenschaft, Mathematik und Technik;;;;
39;Hs;;ja;;H;Rechtswissenschaft und Wirtschaftswissenschaften;;;;Schreibfehler korrigiert
40;K;topConcept;;;;Philologie und Literaturwissenschaft;;Methodik der Philologie, wissenschaftliches Arbeiten // Methodik und Theorie der Literaturwissenschaft, Literaturkritik, Komparatistik, Intertextualit√§t // Geschichte der Literaturwissenschaft und Philologie // Sammelwerke / Festschriften // Kongressberichte, Symposien;;
41;L;topConcept;;;;Literaturgeschichte;;Deutsche Literaturgeschichte (Gesamtdarstellungen) // Literaturgeschichte einzelner deutscher St√§dte, Regionen und V√∂lker // Deutsche Literaturgeschichte einzelner Epochen // Gattungsgeschichte // Problem-, Stoff-, Motiv- und Wirkungsgeschichte // Geschichte der Weltliteratur // Ausl√§ndische Literaturgeschichte;;
42;M;topConcept;;;;√Ñsthetik, Poetik, Stilistik;;Allgemeine √Ñsthetik // Poetik // Verslehre // Stilistik, √úbersetzungstheorie // Rhetorik, Kommunikation, Gespr√§ch // Kreatives Schreiben, Selbstausdruck, Schreibwerkst√§tten;;
43;Ma;topConcept;;;;Bibel, Patristik, Theologie, Allgemeine Bedeutungskunde;;Bibelausgaben, Apokryphen // Konkordanzen, Bibliographien, Handb√ºcher und Nachschlagewerke // Dogmatik, Dogmengeschichte // Liturgiewissenschaft // Hymnologie // Theologische Texte und kultische Texte wie Me√üb√ºcher, Ordensregeln, Beichten, Lieder- und Andachtsb√ºcher // Bibliographien zur Bedeutungskunde // W√∂rterb√ºcher u.√§. zur Bedeutungskunde // Allgemeines zur Bedeutungskunde // Ereignisbedeutung: Typologie, Geb√§rden // Dingbedeutung: Enzyklop√§dische Werke und Verwandtes, Tiere (Bestiarien), Pflanzen (Herbarien), Personifikationen, Mythologische Figuren u.√§., Steine (Lapidarien), Farben, Zahlen, Architektur, andere Dinge als Bedeutungstr√§ger // Heraldik, Emblematik, Metaphorik, Etymologie, Allegorese antiker Dichtung, Bibelkommentare und Verwandtes, Nachschlagewerke zur Bedeutungskunde // Christliche Kunst;;
44;NT;topConcept;;NT1, NT2, NT3, NT4, NT5, NT6, NT7, NT8, NT9, NT10, NT11, NT12;;Neuere Texte (Autor*innen ab dem Geburtsjahr 1500);;Ma√ügeblich f√ºr die Einordnung in die einzelnen Gruppen ist der Name und das Geburtsjahr der Autor*innen;;
45;NT1;;ja;;NT;Reformationszeit (ab 1500);;;;
46;NT2;;ja;;NT;Barockliteratur (ab Theobald Hock 1573);;;;
47;NT3;;ja;;NT;Beginn der Aufkl√§rung, Renaissance (ab Canitz 1654);;;;
48;NT4;;ja;;NT;Aufkl√§rung, Vorbereitung der Klassik (ab Klopstock 1724);;;;
49;NT5;;ja;;NT;Goethe und seine Zeit (ab Herder 1744);;;;
50;NT6;;ja;;NT;Die Generation der Romantik (ab A. W. Schlegel 1767);;;;
51;NT7;;ja;;NT;Vorm√§rz, Realismus des 19. Jahrhunderts (ab Grillparzer 1791);;;;
52;NT8;;ja;;NT;Naturalismus und Symbolismus (ab Nietzsche 1844);;;;
53;NT9;;ja;;NT;Expressionismus (ab G. Kaiser 1878);;;;
54;NT10;;ja;;NT;Moderne (Schriftsteller*innen ab 1914);;;;
55;NT11;;ja;;NT;Schriftsteller*innen ab 1945;;;;
56;NT12;;ja;;NT;Schriftsteller*innen ab 1980 (einschlie√ülich Migrant*innenliteratur);;;;
57;Se;topConcept;;;;Serien;;Dies sind meist √§ltere philologische Schriften literaturwissenschaftlicher Verlagsreihen mit √ºbergeordnetem Gesamttitel.;;
58;Sp;topConcept;;Sp1+Sp2, Sp3, Sp4, Sp5;;Sprachwissenschaft (Linguistik);;;;
59;Sp1+Sp2;;ja;Sp1.0, Sp1.1, Sp1.2, Sp1.3, Sp1.4, Sp1.5, Sp2.1, Sp2.2, Sp2.3, Sp2.4, Sp2.5;Sp;"Allgemeine und vergleichende Sprachwissenschaft; Angewandte und empirische Linguistik";;;;
60;Sp1.0;;ja;;Sp1+Sp2;Linguistik, popul√§r;;;;
61;Sp1.1;;ja;;Sp1+Sp2;Geschichte der Sprachwissenschaft, Nachschlagewerke, Einf√ºhrungen;;;;
62;Sp1.2;;ja;;Sp1+Sp2;Allgemeines, Sprachtheorie;;;;
63;Sp1.3;;ja;;Sp1+Sp2;Phonetik, Phonologie (bis Erscheinungsjahr 2002);;;;
64;Sp1.4;;ja;;Sp1+Sp2;Morphologie, Syntax, Semantik (bis Erscheinungsjahr 2002);;;;
65;Sp1.5;;ja;;Sp1+Sp2;Phonetik, Phonologie, Morphologie, Syntax, Semantik (ab Erscheinungsjahr 2003);;;;
66;Sp2.1;;ja;;Sp1+Sp2;Sprachphilosophie, Pragmatik, Logik, Semiotik;;;;
67;Sp2.2;;ja;;Sp1+Sp2;Sprachsoziologie, Soziolinguistik, Spracherwerb, Mehrsprachigkeit;;;;
68;Sp2.3;;ja;;Sp1+Sp2;Kybernetik, Informations- und Kommunikationstheorie, mathematische Linguistik, Computerlinguistik;;;;
69;Sp2.4;;ja;;Sp1+Sp2;Deutsch als Fremdsprache, Fremdsprachenunterricht, Fachsprache, Deutsch als Minderheitensprache, Lexikographie;;;;
70;Sp2.5;;ja;;Sp1+Sp2;Psycholinguistik, Neurolinguistik, Kognitive Linguistik;;;;
71;Sp3;;ja;Sp3.1, Sp3.2, Sp3.3, Sp3.4, Sp3.5, Sp3.6;Sp;Deutsche Sprachwissenschaft;;;;
72;Sp3.1;;ja;;Sp3;Grammatik (Gesamt- und Einzeldarstellungen);;;;
73;Sp3.2;;ja;;Sp3;Phonetik, Phonologie;;;;
74;Sp3.3;;ja;;Sp3;Morphologie, Syntax, Semantik, Pragmatik;;;;
75;Sp3.4;;ja;;Sp3;Soziologie, Politik, Politische Rede, √ñffentlichkeit, Sprachkritik;;;;
76;Sp3.5;;ja;;Sp3;Phonetik, Phonologie, Morphologie, Syntax, Semantik, Pragmatik (ab Erscheinungsjahr 2003);;;;
77;Sp3.6;;ja;;Sp3;Graphematik / Schriftlinguistik;;;;
78;Sp4;;ja;Sp4.1, Sp4.2, Sp4.3, Sp4.4, Sp4.5;Sp;Historische Linguistik und Dialektologie;;;;
79;Sp4.1;;ja;;Sp4;Indoeurop√§isch;;;;
80;Sp4.2;;ja;;Sp4;Germanische Sprachen;;;;
81;Sp4.3;;ja;;Sp4;Deutsche Sprachgeschichte;;;;
82;Sp4.4;;ja;;Sp4;Deutsche Mundarten;;;;
83;Sp4.5;;ja;;Sp4;Allg. historische Linguistik und Dialektologie, Sonstige Sprachen;;;;
84;Sp5;;ja;Sp5.1, Sp5.2, Sp5.3, Sp5.4;Sp;Textlinguistik, Gespr√§chsanalyse;;;;
85;Sp5.1;;ja;;Sp5;Textlinguistik, linguistische Gespr√§chsanalyse, Kommunikationsanalyse, Nonverbale Kommunikation;;;;
86;Sp5.2;;ja;;Sp5;Poetik und Linguistik;;;;
87;Sp5.3;;ja;;Sp5;Rhetorik, Argumentation, Geschichte der Kommunikation;;;;
88;Sp5.4;;ja;;Sp5;Sprachrichtigkeit, Sprachpflege, Sprecherziehung, Sprechwissenschaft;;;;
89;Vo;topConcept;;;;Volkskunde;;Volkskunde einzelner Landschaften, Kreise, St√§dte // Glaube und Brauch (Religionsgeschichte, Mythologie, Aberglaube u.a.) // Volksmedizin // Trachten, Tanz // Volksdichtung, Allg.(gattungs√ºbergreifend) // Volkssage // Legende (Abhandlungen und Texte) // Volksbuch // M√§rchen und Schwank // R√§tsel und Sprichworte // Volkslied (Sammlungen, dann Abhandlungen) // Geistliches Lied // Volksschauspiel;;
90;W;topConcept;;;;W√∂rterb√ºcher;;Deutsche W√∂rterb√ºcher // Fremdw√∂rterb√ºcher, Spruchw√∂rterb√ºcher, Redewendungen, Zitatenlexika // Wortgeschichte // Mundartenwortschatz // Namenkunde // W√∂rterb√ºcher anderer Sprachen;;
91;Z;topConcept;;;;Zeitschriften;;;Zeitschriftenhefte des laufenden Jahrgangs k√∂nnen beim Bibliotheksteam in den Zimmern 2.003 und 2.004 bei Hinterlegung eines Ausweises eingesehen werden, soweit die Hefte nicht in der Zeitschriftenauslage liegen.;